task,priority_label
Find new laptop wallpaper,Low
Refactor code in old module!!!,Medium
Ch3ck d@t@b@s3 b@ckup,High
Visit_supermarket_for_dinner,Medium
Make small UI improvements to dashboard,Medium
Create new playlist on Spotify,Medium
Book dentist appointment,High
Read new AI article,Low
Take detailed notes for next class,Medium
Create new playlist on Spotify,Medium
Fix typos in readme file,Low
Check database backup,High
Call Client X about urgent issue,High
Read new API documentation,Medium
Check database backup,High
ORGANIZE DESK CABLE MANAGEMENT,Low
Verify bank account and approve invoices,High
Book dentist appointment,High
Write unit tests for helper functions,Medium
Follow up with supplier via email (maybe),Medium
Help colleague A with SQL query,Medium
Book dentist appointment,High
Refactor code in old module,Medium
Check database backup check later,High
Finish next week's presentation,High
Water office plant,Low
Help colleague A with SQL query!!!,Medium
Fix typos in readme file,Low
Send email to professor about thesis deadline,High
Finish next week's presentation,High
Fix critical issue in production environment,High
Water office plant,Low
Fix bug #45 in login module,High
Take detailed notes ,Medium
Call Client X about urgent issue!!!,High
Prepare project meeting with client (tomorrow),High
Visit supermarket for dinner,Medium
Implement new 'dark mode' feature,Medium
Send email to professor about thesis deadline,High
Write unit tests for helper functions,Medium
Finish next week's pres,High
Help_colleague_A_with_SQL_query,Medium
Make small UI improvements to dashboard (maybe),Medium
Fix typos in readme file,Low
Investigate error in authentication process,High
Prepare project meeting with client (tomorrow),High
Watch a PyTorch tutorial,Medium
Remind team members about sprint deadline,High
Help colleague A with SQL query,Medium
Follow up with supplier via email,Medium
Write unit tests for helper functions,Medium
Remind team members about sprint deadline,High
Write unit tests for helper functions #7241,Medium
Visit supermarket for dinner,Medium
archive old emails in inbox,Low
Install server patch after work hours,High
Fix critical issue in production environment,High
Writ3 unit t3sts for h3lp3r functions,Medium
Impl3m3nt n3w 'd@rk mod3' f3@tur3,Medium
Install server patch after work hours,High
fix bug #45 in login module,High
Watch a PyTorch tutorial!!!,Medium
Ord3r n3w coff33 m@chin3,Low
Refactor code in old module,Medium
Read new API documentation,Medium
Fix typos in readme file,Low
Conduct code review on main module!!!,High
Book dentist appointment,High
Take detailed notes for next class,Medium
Watch a PyTorch tutorial,Medium
Remind team members about sprint deadline,High
Implement new 'dark mode' feature,Medium
Conduct code review on main module,High
Finish next week's presentation,High
Prepare project meeting with client (tomorrow),High
Call Client X about urgent issue check later,High
Take detailed notes for next class,Medium
Finish next week's presentation,High
Fix critical issue in production environment,High
Read new API documentation #8218,Medium
Make small UI improvements to dashboard,Medium
Follow up with supplier via email,Medium
Read new API documentation,Medium
Create new playlist on Spotify,Medium
Follow up with supplier via email,Medium
Fix typos in readme file,Low
Read new AI article!!!,Low
Take detailed notes for next class,Medium
Find new laptop wallpaper!!!,Low
check database backup,High
Visit supermarket for dinner,Medium
Prepare project meeting with client (tomorrow),High
Fix bug #45 in login module,High
Watch a PyTorch tutorial #5438,Medium
Take detailed notes for next class!!!,Medium
Call Client X about urgent issue,High
Prepare project meeting with client (tomorrow) #1913,High
Find new laptop wallpaper,Low
Verify bank account and approve invoices,High
Update music playlist,Low
Verify bank account and approve invoices,High
Install_server_patch_after_work_hours,High
Update music playlist ??,Low
Archive old emails in inbox,Low
Conduct code review on main module,High
Read new AI article,Low
Verify_bank_account_and_approve_invoices,High
Fix bug #45 in login module #2654,High
Implement new 'dark mode' feature,Medium
Write unit tests for helper functions,Medium
Update music playlist!!!,Low
Help colleague A with SQL query!!!,Medium
Organize desk cable management,Low
Fix critical issue in production environment,High
Remind_team_members_about_sprint_deadline,High
Create new playlist on Spotify,Medium
Take detailed notes for next class,Medium
Visit supermarket for dinner (maybe),Medium
Read new AI article,Low
Take detailed notes for next class,Medium
Book dentist appointment,High
CONDUCT CODE REVIEW ON MAIN MODULE,High
Write unit tests for helper functions,Medium
Create new playlist on Spotify,Medium
Send email to professor about thesis deadline,High
Fix critical issue in production environment,High
Create new playlist on Spotify,Medium
Follow up with supplier via email!!!,Medium
Send email to professor about thesis deadline,High
Archive old emails in inbox,Low
Install server patch after work hours,High
Read new ,Medium
Write unit tests for helper functions,Medium
Help colleague A with SQL query,Medium
Read new API documentation,Medium
Send email to professor about thesis deadline,High
archive old emails in inbox,Low
Refactor code in old module,Medium
Organize desk cable management,Low
Implement new 'dark mode' feature,Medium
Help colleague A with SQL query,Medium
Organize desk cable ma,Low
Write unit tests for helper functions,Medium
Fix bug #45 in login module,High
Archive old,Low
Fix critical issue in production environment,High
Read new API documentation,Medium
Take detailed notes for next class,Medium
Fix bug #45 in login module,High
Follow up with supplier via email,Medium
WATER OFFICE PLANT,Low
,Medium
Fix bug #45 in login module,High
Make small UI improvements to dashboard!!!,Medium
Conduct code review on main module!!!,High
Help colleague A with SQL query,Medium
Make small UI improvements to dashboard,Medium
Fix typos in readme file,Low
Order new coffee machine,Low
Fix critical issue in production environment,High
Install server patch after work hours,High
refactor code in old module,Medium
Take detailed notes for next class,Medium
Visit supermarket for dinner,Medium
HELP COLLEAGUE A WITH SQL QUERY,Medium
Send email to professor about thesis deadline check later,High
Take detailed notes for next class,Medium
Remind team members about sprint deadline (urgent),High
Book dentist appointment,High
R3f@ctor cod3 in old modul3,Medium
Watch_a_PyTorch_tutorial,Medium
Finish next week's presentation,High
Refactor code in old module,Medium
Read new AI article,Low
Visit supermarket for dinner,Medium
FIX BUG #45 IN LOGIN MODULE,High
Remind team members about sprint deadline,High
Implement new 'dark mode' feature,Medium
Fix typos in readme file,Low
Write unit tests for helper functions,Medium
Make_small_UI_improvements_to_dashboard,Medium
Book dentist appointment,High
Call Client X about urgent issue,High
Verify_bank_account_and_approve_invoices,High
Investigate error in authentication process,High
Check database backup,High
Book dentist appointment,High
Watch a PyTorch tutorial,Medium
Organize desk cable management,Low
Read new API documentation!!!,Medium
Prepare project meeting with client (tomorrow),High
Implement new 'dark mode' feature,Medium
Remind team members about sprint deadline,High
Fix typos in readme file,Low
Install_server_patch_after_work_hours,High
Watch a PyTorch tutorial,Medium
Visit supermarket for dinner,Medium
Call Client X about urgent issue,High
Fix typos in readme file,Low
Fix_typos_in_readme_file,Low
Send email to professor about thesis deadline,High
Remind team members about sprint deadline,High
TAKE DETAILED NOTES FOR NEXT CLASS,Medium
Create new play,Medium
Order new co,Low
Verify bank account and approve invoices!!!,High
Investigate error in authentication process,High
Org@niz3 d3sk c@bl3 m@n@g3m3nt,Low
Read new AI article,Low
Implement new 'dark mode' feature,Medium
Call Client X about urgent issue,High
Take detailed notes for next class,Medium
Water office plant,Low
Refactor code in old module — pending approval,Medium
Refactor code in old module,Medium
Visit supermarket for dinner,Medium
Watch a PyTorch tutorial (maybe),Medium
Send email to professor about thesis deadline,High
Install server patch after work hours,High
Order new coffee machine,Low
Finish next week's presentation!!!,High
Follow up with supplier via email,Medium
check database backup,High
Refactor code in old module,Medium
Create new playlist on Spotify!!!,Medium
Watch a PyTorch tutorial,Medium
Fix bug #45 in login module,High
Check database backup,High
Remind team members about sprint deadline,High
Read new AI article,Low
Finish next week's presentation,High
Archive old emails in inbox,Low
Remind team members about sprint deadline,High
Find new laptop wallpaper,Low
Send email to professor about thesis deadline,High
Refactor code in old module,Medium
Make small UI improvements to dashboard,Medium
Write unit tests for helper functions,Medium
Organize de,Low
MAKE SMALL UI IMPROVEMENTS TO DASHBOARD,Medium
Refactor code in old module,Medium
Order new coffee machine,Low
Implement new 'dark mode' feature #5995,Medium
Book dentist appointment,High
Find new laptop wallpaper,Low
Verify bank account and approve invoices,High
R3@d n3w API docum3nt@tion,Medium
Follow up with supplier via email,Medium
Create_new_playlist_on_Spotify,Medium
Follow up with supplier via email,Medium
Watch a PyTorch,Medium
Take_detailed_notes_for_next_class,Medium
Conduct code,High
Archive old emails in inbox,Low
Conduct code review on main module,High
Fix critical issue in production environment,High
Order new coffee machine,Low
Make small UI improvements to dashboard,Medium
Read new API documentation,Medium
Send email to profe,High
Write unit tests for helper functions,Medium
Investigate error in authentication process!!!,High
Follow up with supplier via email,Medium
Follow up with supplier via email,Medium
Update music playlist,Low
Finish next week's presentation,High
Prepare project meeting with client (tomorrow),High
Create new playlist on Spotify,Medium
Write_unit_tests_for_helper_functions,Medium
Prepare project meeting with client (tomorrow),High
implement new 'dark mode' feature,Medium
Fix typos in readme file,Low
Conduct code review on main module,High
Book dentist appointment,High
Update music playlist,Low
Call Client X about urgent issue,High
Im,Medium
Archive old emails in inbox (urgent),Low
Send email to professor about thesis deadline,High
Archive old emails in inbox,Low
Watch a PyTorch tutorial,Medium
Visit supermarket for dinner,Medium
Watch a PyTorch tutorial,Medium
Write unit tests for helper functions,Medium
Fix bug #45 in login module,High
Install server patch after work hours,High
Read new API documentation,Medium
Help colleague A with SQL query,Medium
Find new laptop wallpaper,Low
Follow up with suppl,Medium
Refactor code in old module,Medium
Investigate error in authentication process,High
VISIT SUPERMARKET FOR DINNER,Medium
Make small UI improvements to dashboard,Medium
Write unit tests for helper functions,Medium
Book dentist appointment,High
Install server patch after work hours,High
Follow up with supplier via email,Medium
Find new laptop wallpaper,Low
Visit supermarket for dinner,Medium
Implement new 'dark mod,Medium
Follow up with supplier via email,Medium
FINISH NEXT WEEK'S PRESENTATION,High
Verify bank account and approve invoices,High
Visit supermarket for dinner,Medium
Finish next week's presentation,High
Write unit tests for helper functions,Medium
Find new laptop wallpaper,Low
Write unit tests for helper functions #8562,Medium
Refactor code in old module,Medium
Call Client X about urgent issue,High
Fix bug #45 in login module,High
Find new laptop wallpaper,Low
Fix typos in readme file,Low
Conduct code review on main module,High
FIX CRITICAL ISSUE IN PRODUCTION ENVIRONMENT,High
Follow up with supplier via email,Medium
Fix typos in readme file,Low
write unit tests for helper functions,Medium
Order new coffee machine,Low
Organize desk cable management,Low
Fix critical issue in production environment,High
Implement_new_'dark_mode'_feature,Medium
Install server patch after work hours,High
Read new AI article,Low
make small ui improvements to dashboard,Medium
Fix bug #45 in login module,High
Call Client X about urgent issue,High
Water office plant,Low
investigate error in authentication process,High
Read new API documentation,Medium
Fix bug #45 in login module,High
Create new playlist on Spotify,Medium
Watch a PyTorch tutorial,Medium
Refactor code in old module #9332,Medium
C@ll Cli3nt X @bout urg3nt issu3,High
Remind team members about sprint deadline,High
Prepare project meeting with client (tomorrow),High
Install server patch after work hours,High
Read new API documentation,Medium
Watch a PyTorch tutorial,Medium
Send email to professor about thesis deadline,High
Refactor code in old module,Medium
Follow up with supplier via email,Medium
Implement new 'dark mode' feature,Medium
verify bank account and approve invoices,High
Conduct code review on main module,High
Chec,High
Implement new 'dark mode' feature,Medium
Read new API documentation,Medium
Refactor code in old module!!!,Medium
Take detailed notes for next class,Medium
Refactor code in old module,Medium
Finish next week's presentation,High
Find new laptop wallpaper,Low
Organize desk cable management,Low
FIX TYPOS IN README FILE,Low
Order new coffee machine,Low
Order new coffee machine,Low
install server patch after work hours,High
Water office plant,Low
Check database backup,High
Book dentist appointment,High
Fix bug #45 in login module,High
Prepare project meeting with client (tomorrow) #7777,High
Make small UI improvements to dashboard,Medium
Write unit tests for helper functions #8034,Medium
Finish next week's presentation,High
Refactor code in old module,Medium
Book dentist appointment #4755,High
Update music playlist check later,Low
FIX CRITICAL ISSUE IN PRODUCTION ENVIRONMENT,High
Book dentist appointment,High
CREATE NEW PLAYLIST ON SPOTIFY,Medium
Send email to professor about thesis deadline,High
Make small UI improvements to dashboard,Medium
Finish next week's presentation,High
Watch a PyTorch tutorial #2839,Medium
Conduct code review on main module #6894,High
Prepare project meeting with client (tomorrow),High
Help colleague A with SQL query,Medium
Water office plant,Low
Visit supermarket for dinner,Medium
Prepare_project_meeting_with_client_(tomorrow),High
Write unit tests for helper functions,Medium
Conduct code review on main module (urgent),High
Verify bank account and approve invoices,High
Watch a PyTorch tutorial,Medium
Fix typos in readme file,Low
HELP COLLEAGUE A WITH SQL QUERY,Medium
Read new API documentation,Medium
Read new AI article,Low
Visit supermarket for dinner,Medium
Fix typos in readme file,Low
Fix typos in readm,Low
Send email to professor about thesis deadline,High
Make small UI improvements to dashboard,Medium
Send email to professor about thesis deadline,High
Refactor code in old module #6398,Medium
READ NEW AI ARTICLE,Low
Check database backup,High
Water office plant,Low
Read new API documentation ??,Medium
Follow up with supplier via email,Medium
Make small UI improvements to dashboard!!!,Medium
Install server patch after work hours,High
Check database backup,High
Send email to professor about thesis deadline,High
Investigate error in authentication process,High
Call Client X about urgent issue,High
Read new AI article,Low
BOOK DENTIST APPOINTMENT,High
Fix bug #45 in login module,High
Create new playlist on Spotify,Medium
Organize desk cable management,Low
make small ui improvements to dashboard,Medium
Update music playlist,Low
Call Client X about urgent issue,High
Create new playlist on Spotify ??,Medium
Send email to professor about thesis deadline,High
Order new coffee machine,Low
Check database backup,High
Fix typos in readme file,Low
Check database backup,High
Organize desk cable management,Low
Read new API documentation,Medium
Remind team members about sprint deadline,High
verify bank account and approve invoices,High
Order new coffee machine,Low
Visit sup3rm@rk3t for dinn3r,Medium
Make small UI improvements to dashboard!!!,Medium
Read new AI article,Low
Verify bank account and approve invoices,High
Water office plant #7403,Low
Check database backup,High
Fix bug #45 in login module,High
Implement new 'dark mode' feature,Medium
Call Client X about urgent issue,High
Fix critical issue in production environment,High
Update music playlist,Low
Fix typos in readme file #3717,Low
Write unit tests for helper functions,Medium
Read new API documentation,Medium
Create new playlist on Spotify,Medium
ORGANIZE DESK CABLE MANAGEMENT,Low
Send email to professor about thesis deadline,High
Read new AI article!!!,Low
Visit supermarket for dinner,Medium
Order new coffee machine,Low
Take detailed notes for next class,Medium
Archive old emails in inbox,Low
Implement new 'dark mode' feature,Medium
Archive old emails in inbox,Low
ARCHIVE OLD EMAILS IN INBOX,Low
Implement new 'dark mode' feature,Medium
Conduct code review on main module,High
Follow up with supplier via email,Medium
Verify bank account and approve invoices,High
Visit supermarket for dinner,Medium
Visit supermarket for dinner,Medium
Verify bank account and approve invoices,High
Organize desk cable management,Low
Prepare project meeting with client (tomorrow),High
Organize desk cable management,Low
Check database backup,High
Prepare project meeting with client (tomorrow),High
SEND EMAIL TO PROFESSOR ABOUT THESIS DEADLINE,High
Send email to professor about thesis deadline,High
Implement_new_'dark_mode'_feature,Medium
Fix typos in readme file,Low
Install server patch after work hours,High
Take detailed notes for next class,Medium
Archive old emails in inbox,Low
Archive old emails in inbox,Low
IMPLEMENT NEW 'DARK MODE' FEATURE,Medium
Fix bug #45 in login modul3,High
Implement new 'dark mode' feature,Medium
Create new playlist on Spotify,Medium
Make small UI improvements to dashboard,Medium
Make small UI improvements to dashboard,Medium
Book dentist appointment,High
Order new coffee machine,Low
CREATE NEW PLAYLIST ON SPOTIFY,Medium
Check database backup,High
Fix typos in readme file,Low
Read new AI article,Low
Fix critical issue in production environment,High
Check database backup,High
Prepare project meeting with client (tomorrow),High
Watch a PyTorch tutorial!!!,Medium
Write unit tests for helper functions,Medium
Help colleague A with SQL query,Medium
Fix bug #45 in login module,High
Fix typos in readme file (urgent),Low
Call Client X about urgent issue,High
Fix critical issue in production environment,High
Verify bank account and approve invoices,High
Inst@ll s3rv3r p@tch @ft3r work hours,High
Find new laptop wallpaper!!!,Low
Prepare project meeting with client (tomorrow),High
Verify bank account and approve invoices,High
Find new laptop wallpaper,Low
Watch a PyTorch tutorial,Medium
Prepare_project_meeting_with_client_(tomorrow),High
Call Client X about urgent issue,High
Order new coffee machine,Low
Watch a PyTorch tutorial,Medium
Implement new 'dark mode' feature,Medium
WATCH A PYTORCH TUTORIAL,Medium
Make small UI ,Medium
Read new AI article,Low
Fix critical issue in production environment,High
Refactor code in old module,Medium
Finish_next_week's_presentation,High
Make small UI improvements to dashboard,Medium
Find new laptop wallpaper,Low
Write unit tests for helper functions,Medium
Visit supermarket for dinner,Medium
Follow_up_with_supplier_via_email,Medium
Prepare project meeting with client (tomorrow),High
Remind team members about sprint deadline,High
Implement new 'dark mode' feature #4321,Medium
Fix critical issue in production environment,High
Read new API documentation,Medium
Read new API documentation (urgent),Medium
Implement new 'dark mode' feature,Medium
Fix critical issue in production environment,High
Call Client X about urgent issue,High
Write unit tests for helper functions,Medium
Book dentist appointment,High
Fix critical issue in production environment,High
Finish next week's presentation,High
Conduct code review on main module,High
Read new API documentation,Medium
Take detailed notes for next class,Medium
Archive old emails in inbox,Low
Make small UI improvements to dashboard,Medium
R3@d n3w AI @rticl3,Low
Follow up with supplier via email,Medium
Send email to professor about thesis deadline (maybe),High
Remind team members about sprint deadline,High
Read new ,Low
Read new AI article,Low
Implement new 'dark mode' feature,Medium
Prepare project meeting with client (tomorrow),High
Write unit tests for helper functions #6920,Medium
Fix typos in readme file,Low
Remind team members about sprint deadline,High
Verify bank account and approve invoices,High
Verify bank account and approve invoices,High
Fix bug #45 in login module,High
Call Client X about urgent issue!!!,High
Take detailed notes for next class ??,Medium
Finish next week's presentation,High
Take detailed notes for next class ??,Medium
Help colleague A with SQL query,Medium
Investigate error in authentication process,High
Make_small_UI_improvements_to_dashboard,Medium
Fix typos in readme file,Low
Write unit tests for helper functions!!!,Medium
Find new laptop wallpaper,Low
Update music playlist ??,Low
Implement new 'dark mode' feature,Medium
Book dentist appointment #6792,High
Read_new_AI_article,Low
Implement new 'dark mode' feature check later,Medium
Verify bank account and approve invoices,High
make small ui improvements to dashboard,Medium
Org@niz3 d3sk c@bl3 m@n@g3m3nt,Low
Organize desk cable management,Low
Conduct code review on main module,High
Take detailed notes for next class,Medium
Create new playlist on Spotify,Medium
Write unit tests for helper functions,Medium
Send email to professor about thesis deadline #2558,High
Pr3p@r3 proj3ct m33ting with cli3nt (tomorrow),High
Prepare project meeting with client (tomorrow),High
take detailed notes for next class,Medium
Investigate_error_in_authentication_process,High
Follow up with supplier via email,Medium
Order new coffee machine — pending approval,Low
Prepare project meeting with client (tomorrow),High
Help colleague A with SQL query,Medium
Finish next week's presentation,High
Find new laptop wallpaper,Low
Write unit tests for helper functions #1094,Medium
Book dentist appointment,High
Remind team members about sprint deadline!!!,High
investigate error in authentication process,High
check database backup,High
Refactor code in old module,Medium
Make small UI improvements to dashboard,Medium
UPDATE MUSIC PLAYLIST,Low
Refactor code in old module,Medium
Find new laptop wallpaper,Low
Make small UI improvements to das,Medium
Fix typos in readme file (urgent),Low
Book dentist appointment,High
Conduct code review on main module,High
Verify bank account and approve invoices,High
Conduct code review on main m,High
Help colleague A with SQL query #3911,Medium
Send email to professor about thesis deadline,High
Follow up with supplier via email check later,Medium
Call Client X about urgent issue,High
Refactor code in old module,Medium
Water office plant ??,Low
Prepare project meeting with client (tomorrow),High
M@k3 sm@ll UI improv3m3nts to d@shbo@rd,Medium
Implement new 'dark mode' feature,Medium
Take detailed notes for next class,Medium
R,Medium
Finish next week's presentation,High
Organize desk cable management,Low
Install server patch after work hours,High
Read new AI article,Low
Prepare project meeting with client (tomo,High
organize desk cable management,Low
write unit tests for helper functions,Medium
Fix critic@l issu3 in production 3nvironm3nt,High
Write unit tests for helper functions,Medium
Refactor code in old module,Medium
Take detailed notes for next class #8352,Medium
Archive old emails in inbox,Low
Call Client X about urgent issue (urgent),High
Book dentist appointment,High
Call Client X about urgent issue,High
Remind team members about sprint deadline,High
Fix critical issue in production environment,High
Water office plant,Low
Call Client X about urgent issue,High
Call Client X about urgent issue,High
Prepare project meeting with client (tomorrow),High
REMIND TEAM MEMBERS ABOUT SPRINT DEADLINE,High
Create_new_playlist_on_Spotify,Medium
send email to professor about thesis deadline,High
Make small UI improvements to dashboard,Medium
Take detailed notes for next class,Medium
Update music playlist,Low
Conduct code review on main module #9809,High
Remind team members about sprint deadline,High
Order new coffee machine,Low
Implement new 'dark mode' feature,Medium
Refactor code in old module,Medium
Check database backup,High
Call Client X about urgent issue,High
Ch3ck d@t@b@s3 b@ckup,High
Organize desk cable management,Low
Create new playlist on Spotify,Medium
Verify bank account and approve invoices,High
Book dentist appointment,High
Write unit tests for helper functions,Medium
Finish next week's presen,High
Organize desk cable management,Low
Conduct code review on main module — pending approval,High
Send email to professor about thesis deadline,High
Conduct code review on main module,High
Call Client X about urgent issue,High
Update music playlist,Low
Visit supermarket for dinner,Medium
Fix typos in readme file,Low
Check_database_backup,High
Help colleague A with SQL query,Medium
Make small UI improvements to dashboard #8395,Medium
Check database backup,High
Send email to professor about thesis deadline,High
Fix bug #45 in login module,High
Investigate error in authentication process,High
Watch a PyTorch tutorial!!!,Medium
Create new playlist on Spotify,Medium
Check database backup,High
Organize desk cable management (maybe),Low
Take detailed notes for next class,Medium
Install server patch after work hours,High
Update mus,Low
Organize desk cable management,Low
Implement new 'dark mode' feature,Medium
Take detailed notes for next class,Medium
Implement new 'dark mode' feature,Medium
Fix bug #45 in login module,High
Archive old emails in inbox,Low
Order new coffee machine,Low
Verify bank account and approve invoices,High
Water_office_plant,Low
Organize desk cable management — pending approval,Low
Write unit tests for helper functions,Medium
Write unit tests for helper functions,Medium
Remind team members about sprint deadline,High
Fix critical issue in production environment,High
Visit supermarket for dinner!!!,Medium
Organize desk cable management,Low
Follow up with supplier via email,Medium
Conduct cod3 r3vi3w on m@in modul3,High
visit supermarket for dinner,Medium
Org@niz3 d3sk c@bl3 m@n@g3m3nt,Low
Watch a PyTorch tutorial,Medium
Watch a PyTorch tutorial,Medium
Verify bank account and approve invoices,High
Write unit tests for helper functions,Medium
Take detailed notes for next class,Medium
Watch a PyTorch tutorial,Medium
Refactor code in old module,Medium
Fix critical issue in production environment,High
Fix bug #45 in login mod,High
Fix bug #45 i,High
Implement new 'dark mode' feature,Medium
Make small UI improvements to dashboard (maybe),Medium
Write unit tests for helper functions,Medium
Write_unit_tests_for_helper_functions,Medium
Implement new 'dark mode' feature,Medium
Make small UI improvements to dashboard — pending approval,Medium
Visit supermarket for dinner,Medium
Read new AI article,Low
Read new API documentation,Medium
Follow up with supplier via,Medium
C@ll Cli3nt X @bout urg3nt issu3,High
Take detailed notes for next class,Medium
Remind team members about sprint deadline,High
Help colleague A with SQL query,Medium
Archive old emails in inbox,Low
Watch a PyTorch tutorial,Medium
Order new coffee machine,Low
Archive old emails in inbox,Low
Visit supermarket for dinner,Medium
UPDATE MUSIC PLAYLIST,Low
Take detailed notes for next class!!!,Medium
Make small UI improvements to dashboard,Medium
Remind team members about sprint deadline,High
Fix bug #45 in login modul3,High
Read new API documentation,Medium
Check database backup,High
Read new AI article,Low
Find new laptop wallpaper,Low
Read new AI article,Low
Take detailed notes for next class,Medium
Verify bank account and approve invoices,High
help colleague a with sql query,Medium
Prepare project meeting with client (tomorrow),High
Finish n3xt w33k's pr3s3nt@tion,High
Fix bug #45 in login module,High
Fix bug #45 in login modul3,High
Remind team members about sprint deadline,High
Watch a PyTor,Medium
Organize desk cable management,Low
Follow up with suppl,Medium
MAKE SMALL UI IMPROVEMENTS TO DASHBOARD,Medium
Visit supermarket for dinner,Medium
Send email to professor about thesis deadline,High
Make small UI improvements to dashboard,Medium
Read new API documentation,Medium
Write unit tests for helper functions,Medium
Read new API documentation,Medium
Fix critical issue in production environment,High
Prepare project meeting with client (tomorrow),High
Water office plant,Low
Fix bug #45 in login module,High
Help colleague A with SQL query,Medium
Book d3ntist @ppointm3nt,High
Visit supermarket for dinner,Medium
Check database backup,High
Fix critical issue in production environment,High
Visit supermarket for dinner,Medium
Archive old emails in inbox,Low
Create new playlist on Spotify,Medium
Remind team members about sprint deadline,High
Water office plant,Low
Read new AI article #9466,Low
Visit supermarket for dinner,Medium
Verify bank account and approve invoices,High
Call Client X about urgent issue,High
Prepare project meeting with client (tomorrow),High
Help colleague A with SQL query,Medium
Follow up with supplier via email #9754,Medium
Refactor code in old module,Medium
Send email to professor about thesis deadline,High
Verify bank account and approve invoices — pending approval,High
Visit supermarket for dinner (maybe),Medium
Fix critic@l issu3 in production 3nvironm3nt,High
Verify bank account and approve invoices,High
Follow up with supplier via email,Medium
Read new AI article,Low
Check database backup,High
verify bank account and approve invoices,High
Find new laptop wallpaper,Low
Archive old emails in inbox,Low
Read_new_AI_article,Low
Make small UI improvements to dashboard,Medium
Prepare project meeting with client (tomorrow),High
Install server patch after work hours,High
Write unit tests for helper functions,Medium
Book dentist appointment,High
Watch a PyTorch tutorial #2150,Medium
R3f@ctor cod3 in old modul3,Medium
Help colleague A with SQL query (maybe),Medium
REMIND TEAM MEMBERS ABOUT SPRINT DEADLINE,High
Book dentist appointment,High
Check database backup,High
Make small UI improvements to dashboard,Medium
Fix critical issue in production environment!!!,High
Find new laptop wallpaper,Low
Create new playlist on Spotify,Medium
read new ai article,Low
Verify bank account and approve invoices,High
Fix typos in readme file,Low
Refactor code in ,Medium
FINISH NEXT WEEK'S PRESENTATION,High
Investigate error in authentication process,High
Install server patch after work hours,High
Water office plant,Low
Help colleague A with SQL query,Medium
Check database backup,High
Call Client X about urgent issue,High
Make small UI improvements to dashboard,Medium
watch a pytorch tutorial,Medium
Prepare project meeting with client (tomorrow),High
Investigate error in authentication process,High
Fix critical issue in production environment,High
Fix bug #45 in login module,High
Call Client X about urgent issue,High
Create new playlist on Spotify,Medium
Refactor_code_in_old_module,Medium
Make small UI improvements to dashboard,Medium
Book dentist appointment #5231,High
Send email to professor about thesis deadline!!!,High
Fix bug #45 in login module,High
Send email to professor about thesis deadline,High
Read new API documentation,Medium
Conduct code review on main module,High
Read new API documentation,Medium
Verify bank account and approve invoices,High
Book dentist appointment,High
C@ll Cli3nt X @bout urg3nt issu3,High
read new api documentation,Medium
R3@d n3w API docum3nt@tion,Medium
Follow up with supplier via email,Medium
Fix typos in readme file — pending approval,Low
Refactor code in old module,Medium
Find new laptop wallpaper,Low
Call Client X about urgent issue #2700,High
Follow up with supplier via email,Medium
Refactor code in old module,Medium
Check database backup,High
Order new coffee machine!!!,Low
Help colleague A with SQL query,Medium
Make small UI improvements to dashboard,Medium
Help colleague A with SQL query,Medium
Fix typos in readme file,Low
INSTALL SERVER PATCH AFTER WORK HOURS,High
Help colleague A with SQL query,Medium
Send email to professor about thesis deadline,High
Archive old emails in inbox!!!,Low
Create new playlist on Spotify,Medium
find new laptop wallpaper,Low
Make small UI improvements to dashboard,Medium
Fix critical issue in production environment #1397,High
refactor code in old module,Medium
Call Client X about urgent issue,High
Conduct,High
Water office plant,Low
Fix typos in readme file,Low
Verify bank account and approve invoices,High
Watch a PyTorch tutorial,Medium
Read new API docu,Medium
Take detailed notes for next class,Medium
Implement new 'dark mode' feature,Medium
Find new laptop wallpaper,Low
C@ll Cli3nt X @bout urg3nt issu3,High
Fix_typos_in_readme_file,Low
Implement new 'dark mode' feature,Medium
Refactor code in old module,Medium
Find new laptop wallpaper,Low
Order new coffee machine,Low
Visit supermarket for dinner,Medium
Help colleague A with SQL query,Medium
TAKE DETAILED NOTES FOR NEXT CLASS,Medium
Send email to professor about thesis deadline,High
Help colleague A with SQL query,Medium
Write unit tests for helper functions,Medium
Order new coffe,Low
Finish_next_week's_presentation,High
Follow up with supplier via email,Medium
Fix typos in readme file,Low
Book_dentist_appointment,High
Water office plant #6241,Low
PREPARE PROJECT MEETING WITH CLIENT (TOMORROW),High
Conduct code review on main module,High
UPDATE MUSIC PLAYLIST,Low
Create new playlist on Spotify,Medium
Create new playlist on Spotify,Medium
Fix typos in readme file,Low
Help colleague A with SQL query,Medium
Book dentist appointment,High
Book dentist appointment,High
Fix critical issue in production environment #1015,High
Create new playlist on Spotify,Medium
REFACTOR CODE IN OLD MODULE,Medium
Verify bank account and approve invoices,High
Call Client X about urgent issue,High
Follow up with supplier via email,Medium
Order new coffee machine,Low
Update musi,Low
Verify bank account and approve invoices,High
Verify bank account and approve invoices #6315,High
Refactor code in old module,Medium
Finish next week's presentation,High
Visit superm,Medium
Investigate error in authentication process,High
Finish next week's presentation ??,High
Water office plant,Low
Find new laptop wallpaper,Low
Install server patch after work hours,High
Find new laptop wallpaper,Low
Write unit tests for helper functions,Medium
Verify bank account and approve invoices,High
Create new playlist on Spotify,Medium
Finish next week's presentation ??,High
Read new AI article,Low
Call Client X about urgent issue,High
Create new playlist on Spotify #8682,Medium
Write unit tests for helper functions,Medium
Call Client X about urgent issue,High
Follow up with supplier via email,Medium
make small ui improvements to dashboard,Medium
Follow up with supplier via email,Medium
water office plant,Low
Call_Client_X_about_urgent_issue,High
Water office pl,Low
Book d3ntist @ppointm3nt,High
REMIND TEAM MEMBERS ABOUT SPRINT DEADLINE,High
Org@niz3 d3sk c@bl3 m@n@g3m3nt,Low
Prepare project meeting with client (tomorrow),High
Follow up with supplier via ,Medium
Read new API documentation,Medium
Find new laptop wallpaper,Low
Update music playlist,Low
Install server patch after work hours (maybe),High
Make small UI improvements to dashboard,Medium
Install se,High
Call Client X about urgent issue,High
Help colleague A with SQL query,Medium
Create new playlist on Spotify,Medium
Check database backup,High
Refactor code in old module,Medium
Order new coffee machine,Low
update music playlist,Low
Implement new 'dark mode' feature,Medium
CONDUCT CODE REVIEW ON MAIN MODULE,High
Write unit tests for helper functions,Medium
Make small UI improvements to dashboard,Medium
Conduct code review on main module,High
Write_unit_tests_for_helper_functions,Medium
Check database backup,High
Install server patch after work hours,High
Watch_a_PyTorch_tutorial,Medium
WATER OFFICE PLANT,Low
archive old emails in inbox,Low
Help colleague A with SQL query (urgent),Medium
Watch a PyTorch tutorial!!!,Medium
Read new API documentation,Medium
FINISH NEXT WEEK'S PRESENTATION,High
INVESTIGATE ERROR IN AUTHENTICATION PROCESS,High
Fix critical issue in production environment,High
Read new AI article,Low
Take detailed notes for next class,Medium
Visit supermarket for dinner,Medium
Investigate error in authentication process check later,High
Fix typos in readme file,Low
Call Client X about urgent issue,High
Create new playlist on Spotify,Medium
Visit supermarket for dinner,Medium
fix typos in readme file,Low
Create new playlist on Spotify,Medium
Implement new 'dark mode' feature,Medium
Install server patch after work hours,High
Call Client X about urgent issue,High
Read new AI article,Low
Fix critical issue in production environment,High
Implement new 'dark mode' feature,Medium
Visit supermarket for dinner,Medium
Take detailed notes for next class,Medium
S3nd 3m@il to prof3ssor @bout th3sis d3@dlin3,High
Fix critical issue in production environmen,High
Update music playlist,Low
Write unit tests for helper functions,Medium
Update music pla,Low
Prepare project meeting with client (tomorrow),High
Verify bank account and approve invoices,High
Water office plant,Low
Take detailed notes for next class!!!,Medium
Make small UI improvements to dashboard,Medium
Remind team members about sprint deadline,High
Water office plant,Low
Send email to professor about thesis deadline,High
Visit supermarket for dinner,Medium
Refactor code in old module,Medium
,Low
READ NEW AI ARTICLE,Low
Help colleague A with SQL query,Medium
Watch a PyTorch tutorial,Medium
Investigate error in authentication process #2627,High
